<Taems>
	<Task id="T3" name="Patrol" qaf="SeqSum" recurring="true" >
		<Method id="A2M1T3" name="PatrolPointA" Quality="500" Duration="10" XCoord="100" YCoord="250"></Method>
		<Method id="A2M2T3" name="PatrolPointB" Quality="500" Duration="10" XCoord="100" YCoord="300"></Method>
		<Method id="A2M3T3" name="PatrolPointC" Quality="500" Duration="10" XCoord="300" YCoord="250"></Method>
		<Method id="A2M4T3" name="PatrolPointD" Quality="500" Duration="10" XCoord="300" YCoord="300"></Method>
	</Task>
	<Task id="T5" name="RespondToAccident" qaf="SumAll" >
		<Method id="A2M6T5" name="VisitAccidentLocation" Quality="500" Duration="10" XCoord="400" YCoord="300"></Method>
	</Task>
</Taems>